{
    "TEXT_MAIN_COLOR": "#F7F4F2",
    "TEXT_LABEL_COLOR": "#C7C3C5",
    "TEXT_DISABLED_COLOR": "#787585",

    "BG_MAIN_COLOR": "#1D1222",
    "BG_SECONDARY_COLOR": "#100A14",
    "BG_DISABLED_COLOR": "#4A3355",

    "PRIMARY_COLOR_SHADE_MAIN": "#9D00FF",
    "PRIMARY_COLOR_SHADE_ACTIVE": "#7E52AB",
    "PRIMARY_COLOR_SHADE_DISABLED": "#4A3355",

    "SECONDARY_COLOR_SHADE_MAIN": "#347DBD",
    "SECONDARY_COLOR_SHADE_ACTIVE": "#245778",
    "SECONDARY_COLOR_SHADE_DISABLED": "#4C5C6D",

    "TERTIARY_COLOR_SHADE_MAIN": "#FFC499",
    "TERTIARY_COLOR_SHADE_ACTIVE": "#FFA07A",
    "TERTIARY_COLOR_SHADE_DISABLED": "#8B8667",

    "EMO_COLOR_NEG_SHADE_MAIN": "#FF6000",
    "EMO_COLOR_NEG_SHADE_ACTIVE": "#FF4500",
    "EMO_COLOR_NEG_SHADE_DISABLED": "#FFB2A1",

    "EMO_COLOR_POS_SHADE_MAIN": "#00FF73",
    "EMO_COLOR_POS_SHADE_ACTIVE": "#",
    "EMO_COLOR_POS_SHADE_DISABLED": "#",

    "EMO_COLOR_NEU_SHADE_MAIN": "#FFA400",
    "EMO_COLOR_NEU_SHADE_ACTIVE": "#",
    "EMO_COLOR_NEU_SHADE_DISABLED": "#",

    "PRIMARY_FONT_FAMILY": "Roboto",
    "SECONDARY_FONT_FAMILY": "Open Sans",

    "SIZE_XS1": "8",
    "SIZE_XS2": "10",
    "SIZE_XS3": "12",

    "SIZE_S1": "14",
    "SIZE_S2": "16",
    "SIZE_S3": "18",

    "SIZE_M1": "20",
    "SIZE_M2": "22",
    "SIZE_M3": "24",

    "SIZE_L1": "28",
    "SIZE_L2": "32",
    "SIZE_L3": "36",

    "SIZE_XL1": "44",
    "SIZE_XL2": "56",
    "SIZE_XL3": "64",

    "SIZE_WIN_WIDTH_S": "300",
    "SIZE_WIN_WIDTH_M": "700",
    "SIZE_WIN_WIDTH_L": "900",

    "SIZE_WIN_HEIGHT_S": "300",
    "SIZE_WIN_HEIGHT_M": "600",
    "SIZE_WIN_HEIGHT_L": "800"
}